Workbook

Sheet Pedido
D1: =UPPER(Empresa!$B$4) -> VELARA TALLER S.A.S.
D2: ="NIT "&Empresa!$B$5 -> NIT [000.000.000-0]
D3: =Empresa!$B$6&" · "&Empresa!$B$7 -> [Dirección] · Barranquilla, Colombia
D4: =Empresa!$B$8&" · "&Empresa!$B$9 -> [+57 300 000 0000] · [correo@dominio.com]
D5: =Empresa!$B$10 -> [sitio web]
A7: PEDIDO | E7: N.º
A8: ORDEN DE TRABAJO | E8: Fecha del pedido
E9: Entrega estimada
E10: Estado
A12: DATOS DEL CLIENTE | E12: DETALLE DEL TRABAJO
A13: Nombre / razón social | E13: Vehículo o proyecto
A14: NIT / C.C. | E14: Placa o referencia
A15: Teléfono | E15: Asesor comercial
A16: Correo | E16: Teléfono asesor
A17: Dirección | E17: Cotización N.º
A18: Ciudad | E18: Instalación en
A20: ÍTEM | B20: DESCRIPCIÓN | C20: MATERIAL / COLOR | D20: CANT. | E20: VALOR UNITARIO | F20: VALOR TOTAL
A21: 1 | F21: =IF(OR(D21="",E21=""),"",D21*E21)
A22: 2 | F22: =IF(OR(D22="",E22=""),"",D22*E22)
A23: 3 | F23: =IF(OR(D23="",E23=""),"",D23*E23)
A24: 4 | F24: =IF(OR(D24="",E24=""),"",D24*E24)
A25: 5 | F25: =IF(OR(D25="",E25=""),"",D25*E25)
A26: 6 | F26: =IF(OR(D26="",E26=""),"",D26*E26)
A27: 7 | F27: =IF(OR(D27="",E27=""),"",D27*E27)
A28: 8 | F28: =IF(OR(D28="",E28=""),"",D28*E28)
A29: 9 | F29: =IF(OR(D29="",E29=""),"",D29*E29)
A30: 10 | F30: =IF(OR(D30="",E30=""),"",D30*E30)
E32: Total del pedido | F32: =SUM(F21:F30) -> 0
C33: Anticipo (%) | D33: 0.5 | E33: Anticipo | F33: =ROUND(F32*D33,0) -> 0
E34: SALDO PENDIENTE | F34: =F32-F33 -> 0
A36: OBSERVACIONES
A42: FIRMA DEL CLIENTE | E42: RECIBIDO POR VELARA
A43: Acepto el pedido y sus condiciones | E43: Nombre y firma del asesor
A45: =Empresa!$B$10&" | "&Empresa!$B$8&" | "&Empresa!$B$7 -> [sitio web] | [+57 300 000 0000] | Barranquilla, Colombia
A47: Cómo usar: diligencie las celdas con fondo crema. El estado se elige de la lista (F10). El anticipo se calcula con el porcentaje de D33 (50 %).

Sheet Ejemplo
D1: =UPPER(Empresa!$B$4) -> VELARA TALLER S.A.S.
D2: ="NIT "&Empresa!$B$5 -> NIT [000.000.000-0]
D3: =Empresa!$B$6&" · "&Empresa!$B$7 -> [Dirección] · Barranquilla, Colombia
D4: =Empresa!$B$8&" · "&Empresa!$B$9 -> [+57 300 000 0000] · [correo@dominio.com]
D5: =Empresa!$B$10 -> [sitio web]
A7: PEDIDO | E7: N.º | F7: 000087
A8: ORDEN DE TRABAJO | E8: Fecha del pedido | F8: 46294
E9: Entrega estimada | F9: 46301
E10: Estado | F10: En producción
A12: DATOS DEL CLIENTE | E12: DETALLE DEL TRABAJO
A13: Nombre / razón social | C13: Carlos Gómez (ejemplo) | E13: Vehículo o proyecto | F13: Mazda 3 2019
A14: NIT / C.C. | C14: 1.140.000.000 | E14: Placa o referencia | F14: ABC 123
A15: Teléfono | C15: 300 000 0000 | E15: Asesor comercial | F15: Diego Franco
A16: Correo | C16: cliente@ejemplo.com | E16: Teléfono asesor | F16: 300 000 0000
A17: Dirección | C17: Calle 72 # 45 - 20 | E17: Cotización N.º | F17: 000125
A18: Ciudad | C18: Barranquilla | E18: Instalación en | F18: Taller
A20: ÍTEM | B20: DESCRIPCIÓN | C20: MATERIAL / COLOR | D20: CANT. | E20: VALOR UNITARIO | F20: VALOR TOTAL
A21: 1 | B21: Tapizado de asientos delanteros | C21: Cuero sintético negro | D21: 2 | E21: 450000 | F21: =IF(OR(D21="",E21=""),"",D21*E21) -> 900000
A22: 2 | B22: Forro de puertas | C22: Cuero sintético negro | D22: 4 | E22: 120000 | F22: =IF(OR(D22="",E22=""),"",D22*E22) -> 480000
A23: 3 | F23: =IF(OR(D23="",E23=""),"",D23*E23)
A24: 4 | F24: =IF(OR(D24="",E24=""),"",D24*E24)
A25: 5 | F25: =IF(OR(D25="",E25=""),"",D25*E25)
A26: 6 | F26: =IF(OR(D26="",E26=""),"",D26*E26)
A27: 7 | F27: =IF(OR(D27="",E27=""),"",D27*E27)
A28: 8 | F28: =IF(OR(D28="",E28=""),"",D28*E28)
A29: 9 | F29: =IF(OR(D29="",E29=""),"",D29*E29)
A30: 10 | F30: =IF(OR(D30="",E30=""),"",D30*E30)
E32: Total del pedido | F32: =SUM(F21:F30) -> 1380000
C33: Anticipo (%) | D33: 0.5 | E33: Anticipo | F33: =ROUND(F32*D33,0) -> 690000
E34: SALDO PENDIENTE | F34: =F32-F33 -> 690000
A36: OBSERVACIONES
A42: FIRMA DEL CLIENTE | E42: RECIBIDO POR VELARA
A43: Acepto el pedido y sus condiciones | E43: Nombre y firma del asesor
A45: =Empresa!$B$10&" | "&Empresa!$B$8&" | "&Empresa!$B$7 -> [sitio web] | [+57 300 000 0000] | Barranquilla, Colombia
A47: Cómo usar: diligencie las celdas con fondo crema. El estado se elige de la lista (F10). El anticipo se calcula con el porcentaje de D33 (50 %).
A50: Hoja de ejemplo con datos ficticios: muestra cómo se ve diligenciada. Use la primera hoja para trabajar.

Sheet Empresa
A1: DATOS DE LA EMPRESA
A2: Escriba aquí los datos reales una sola vez: el encabezado de las otras hojas se actualiza solo.
A4: Razón social | B4: VELARA TALLER S.A.S.
A5: NIT | B5: [000.000.000-0]
A6: Dirección | B6: [Dirección]
A7: Ciudad | B7: Barranquilla, Colombia
A8: Teléfono | B8: [+57 300 000 0000]
A9: Correo | B9: [correo@dominio.com]
A10: Sitio web | B10: [sitio web]
A11: Responsabilidad tributaria | B11: [Responsable de IVA]
